{"cameraMode":{"drawMode":0,"name":"Shaded","section":"Shading Mode"},"sceneLighting":true,"audioPlay":false,"sceneViewState":{"m_AlwaysRefresh":false,"showFog":true,"showSkybox":true,"showFlares":true,"showImageEffects":true,"showParticleSystems":true,"showVisualEffectGraphs":true,"m_FxEnabled":true},"in2DMode":false,"pivot":{"x":1266.8916015625,"y":280.5201110839844,"z":-13.009429931640625},"rotation":{"x":-0.0018096190178766847,"y":-0.011402839794754982,"z":0.000020569921616697684,"w":-0.9999334216117859},"size":427.30419921875,"orthographic":false}